{
  "properties": {
    "connectionReferences": {
      "shared_commondataserviceforapps": {
        "runtimeSource": "embedded",
        "connection": {
          "connectionReferenceLogicalName": "hps_sharedcommondataserviceforapps_f66af"
        },
        "api": {
          "name": "shared_commondataserviceforapps"
        }
      },
      "shared_office365users": {
        "runtimeSource": "invoker",
        "connection": {
          "connectionReferenceLogicalName": "hps_sharedoffice365users_64a9f"
        },
        "api": {
          "name": "shared_office365users"
        }
      }
    },
    "definition": {
      "$schema": "https://schema.management.azure.com/providers/Microsoft.Logic/schemas/2016-06-01/workflowdefinition.json#",
      "contentVersion": "1.0.0.0",
      "parameters": {
        "$connections": {
          "defaultValue": {},
          "type": "Object"
        },
        "$authentication": {
          "defaultValue": {},
          "type": "SecureObject"
        }
      },
      "triggers": {
        "manual": {
          "metadata": {
            "operationMetadataId": "0fc16fdc-283b-4db1-9dd1-e3fb2e2b9894"
          },
          "type": "Request",
          "kind": "Button",
          "inputs": {
            "schema": {
              "type": "object",
              "properties": {},
              "required": []
            }
          }
        }
      },
      "actions": {
        "List_rows": {
          "runAfter": {},
          "metadata": {
            "operationMetadataId": "f42bbb34-4ca3-423d-a253-e4d765d5f9ab"
          },
          "type": "OpenApiConnection",
          "inputs": {
            "host": {
              "connectionName": "shared_commondataserviceforapps",
              "operationId": "ListRecords",
              "apiId": "/providers/Microsoft.PowerApps/apis/shared_commondataserviceforapps"
            },
            "parameters": {
              "entityName": "systemusers",
              "fetchXml": "<fetch version=\"1.0\" output-format=\"xml-platform\" mapping=\"logical\" distinct=\"true\" no-lock=\"false\"><entity name=\"systemuser\"><attribute name=\"entityimage_url\"/><attribute name=\"parentsystemuserid\"/><attribute name=\"fullname\"/><attribute name=\"systemuserid\"/><attribute name=\"domainname\"/><order attribute=\"fullname\" descending=\"false\"/><filter type=\"and\"><condition attribute=\"fullname\" operator=\"not-like\" value=\"%#%\"/><condition attribute=\"domainname\" operator=\"not-null\"/><condition attribute=\"internalemailaddress\" operator=\"like\" value=\"%testtest%\"/></filter></entity></fetch>"
            },
            "authentication": {
              "type": "Raw",
              "value": "@json(decodeBase64(triggerOutputs().headers['X-MS-APIM-Tokens']))['$ConnectionKey']"
            }
          }
        },
        "Apply_to_each": {
          "foreach": "@outputs('List_rows')?['body/value']",
          "actions": {
            "Get_user_photo_metadata": {
              "runAfter": {
                "Get_user_photo_(V2)": [
                  "Succeeded",
                  "Failed"
                ]
              },
              "metadata": {
                "operationMetadataId": "baf51ae9-74d1-4511-8a10-29401914f0b6"
              },
              "type": "OpenApiConnection",
              "inputs": {
                "host": {
                  "connectionName": "shared_office365users",
                  "operationId": "UserPhotoMetadata",
                  "apiId": "/providers/Microsoft.PowerApps/apis/shared_office365users"
                },
                "parameters": {
                  "userId": "@outputs('Get_user_profile_(V2)')?['body/userPrincipalName']"
                },
                "authentication": {
                  "type": "Raw",
                  "value": "@json(decodeBase64(triggerOutputs().headers['X-MS-APIM-Tokens']))['$ConnectionKey']"
                }
              }
            },
            "Compose": {
              "runAfter": {
                "Get_manager_(V2)": [
                  "Succeeded"
                ]
              },
              "metadata": {
                "operationMetadataId": "b73cca0d-452e-4531-87e7-f1ad17dbfd27"
              },
              "type": "Compose",
              "inputs": "@base64(outputs('Get_user_photo_(V2)')?['body'])"
            },
            "Set_variable": {
              "runAfter": {},
              "metadata": {
                "operationMetadataId": "984bc733-0264-4bc5-a87a-f6276fd97c9e"
              },
              "type": "SetVariable",
              "inputs": {
                "name": "test1",
                "value": "@items('Apply_to_each')?['domainname']"
              }
            },
            "Get_user_profile_(V2)": {
              "runAfter": {
                "Set_variable": [
                  "Succeeded"
                ]
              },
              "metadata": {
                "operationMetadataId": "5ebcbfa2-cdb7-4672-845c-db1a72d9509f"
              },
              "type": "OpenApiConnection",
              "inputs": {
                "host": {
                  "connectionName": "shared_office365users",
                  "operationId": "UserProfile_V2",
                  "apiId": "/providers/Microsoft.PowerApps/apis/shared_office365users"
                },
                "parameters": {
                  "id": "@items('Apply_to_each')?['domainname']"
                },
                "authentication": {
                  "type": "Raw",
                  "value": "@json(decodeBase64(triggerOutputs().headers['X-MS-APIM-Tokens']))['$ConnectionKey']"
                }
              }
            },
            "Set_variable_2": {
              "runAfter": {
                "Get_user_profile_(V2)": [
                  "Succeeded"
                ]
              },
              "metadata": {
                "operationMetadataId": "d6a615bc-fc41-4400-9136-a63c8c798083"
              },
              "type": "SetVariable",
              "inputs": {
                "name": "test2",
                "value": "@outputs('Get_user_profile_(V2)')?['body/userPrincipalName']"
              }
            },
            "List_rows_2": {
              "runAfter": {
                "Compose": [
                  "Succeeded"
                ]
              },
              "metadata": {
                "operationMetadataId": "0452bb6b-a023-442c-b35c-7058a1dcd0ae"
              },
              "type": "OpenApiConnection",
              "inputs": {
                "host": {
                  "connectionName": "shared_commondataserviceforapps",
                  "operationId": "ListRecords",
                  "apiId": "/providers/Microsoft.PowerApps/apis/shared_commondataserviceforapps"
                },
                "parameters": {
                  "entityName": "systemusers",
                  "fetchXml": "<fetch version=\"1.0\" output-format=\"xml-platform\" mapping=\"logical\" no-lock=\"false\" distinct=\"true\"><entity name=\"systemuser\"><attribute name=\"entityimage_url\"/><attribute name=\"parentsystemuserid\"/><attribute name=\"fullname\"/><order attribute=\"fullname\" descending=\"false\"/><attribute name=\"title\"/><attribute name=\"address1_telephone1\"/><attribute name=\"businessunitid\"/><attribute name=\"siteid\"/><attribute name=\"positionid\"/><attribute name=\"systemuserid\"/><attribute name=\"domainname\"/><filter type=\"and\"><condition attribute=\"domainname\" operator=\"eq\" value=\"@{outputs('Get_manager_(V2)')?['body/userPrincipalName']}\"/></filter></entity></fetch>"
                },
                "authentication": {
                  "type": "Raw",
                  "value": "@json(decodeBase64(triggerOutputs().headers['X-MS-APIM-Tokens']))['$ConnectionKey']"
                }
              }
            },
            "Get_manager_(V2)": {
              "runAfter": {
                "Get_user_photo_metadata": [
                  "Succeeded",
                  "Failed"
                ]
              },
              "metadata": {
                "operationMetadataId": "675b69ae-a2cf-4446-89be-ccd38ff7f8dc"
              },
              "type": "OpenApiConnection",
              "inputs": {
                "host": {
                  "connectionName": "shared_office365users",
                  "operationId": "Manager_V2",
                  "apiId": "/providers/Microsoft.PowerApps/apis/shared_office365users"
                },
                "parameters": {
                  "id": "@outputs('Get_user_profile_(V2)')?['body/userPrincipalName']"
                },
                "authentication": {
                  "type": "Raw",
                  "value": "@json(decodeBase64(triggerOutputs().headers['X-MS-APIM-Tokens']))['$ConnectionKey']"
                }
              }
            },
            "Apply_to_each_2": {
              "foreach": "@outputs('List_rows_2')?['body/value']",
              "actions": {
                "Set_variable_3": {
                  "runAfter": {},
                  "metadata": {
                    "operationMetadataId": "90afe234-91e2-4ef4-b088-6ab14f673cdb"
                  },
                  "type": "SetVariable",
                  "inputs": {
                    "name": "var3",
                    "value": "@outputs('Get_manager_(V2)')?['body/userPrincipalName']"
                  }
                },
                "Update_a_row": {
                  "runAfter": {
                    "Upload_a_file_or_an_image": [
                      "Succeeded",
                      "Failed"
                    ]
                  },
                  "metadata": {
                    "operationMetadataId": "50ca4474-d118-4033-b9ff-b0ba92738a95"
                  },
                  "type": "OpenApiConnection",
                  "inputs": {
                    "host": {
                      "connectionName": "shared_commondataserviceforapps",
                      "operationId": "UpdateRecord",
                      "apiId": "/providers/Microsoft.PowerApps/apis/shared_commondataserviceforapps"
                    },
                    "parameters": {
                      "entityName": "systemusers",
                      "recordId": "@items('Apply_to_each')?['systemuserid']",
                      "item/jobtitle": "@outputs('Get_user_profile_(V2)')?['body/jobTitle']",
                      "item/address1_telephone1": "@outputs('Get_user_profile_(V2)')?['body/mobilePhone']",
                      "item/parentsystemuserid@odata.bind": "/systemusers(@{items('Apply_to_each_2')?['systemuserid']})"
                    },
                    "authentication": {
                      "type": "Raw",
                      "value": "@json(decodeBase64(triggerOutputs().headers['X-MS-APIM-Tokens']))['$ConnectionKey']"
                    }
                  }
                },
                "Set_variable_4": {
                  "runAfter": {
                    "Set_variable_3": [
                      "Succeeded"
                    ]
                  },
                  "metadata": {
                    "operationMetadataId": "8818373c-f7dc-487a-9d94-c065ee26b464"
                  },
                  "type": "SetVariable",
                  "inputs": {
                    "name": "var4",
                    "value": "@items('Apply_to_each_2')?['fullname']"
                  }
                },
                "Upload_a_file_or_an_image": {
                  "runAfter": {
                    "Set_variable_4": [
                      "Succeeded"
                    ]
                  },
                  "metadata": {
                    "operationMetadataId": "f20239ce-ef93-46ca-9bbf-0b6a983121d6"
                  },
                  "type": "OpenApiConnection",
                  "inputs": {
                    "host": {
                      "connectionName": "shared_commondataserviceforapps",
                      "operationId": "UpdateEntityFileImageFieldContent",
                      "apiId": "/providers/Microsoft.PowerApps/apis/shared_commondataserviceforapps"
                    },
                    "parameters": {
                      "entityName": "systemusers",
                      "recordId": "@items('Apply_to_each')?['systemuserid']",
                      "fileImageFieldName": "entityimage",
                      "item": "@outputs('Compose')",
                      "x-ms-file-name": "Untitled"
                    },
                    "authentication": {
                      "type": "Raw",
                      "value": "@json(decodeBase64(triggerOutputs().headers['X-MS-APIM-Tokens']))['$ConnectionKey']"
                    }
                  }
                }
              },
              "runAfter": {
                "List_rows_2": [
                  "Succeeded"
                ]
              },
              "metadata": {
                "operationMetadataId": "6b4b55ef-e59d-4df0-af6f-62c8eb67022b"
              },
              "type": "Foreach"
            },
            "Get_user_photo_(V2)": {
              "runAfter": {
                "Set_variable_2": [
                  "Succeeded"
                ]
              },
              "metadata": {
                "operationMetadataId": "03193c63-9709-4b66-865c-938a7b2b3304"
              },
              "type": "OpenApiConnection",
              "inputs": {
                "host": {
                  "connectionName": "shared_office365users",
                  "operationId": "UserPhoto_V2",
                  "apiId": "/providers/Microsoft.PowerApps/apis/shared_office365users"
                },
                "parameters": {
                  "id": "@outputs('Get_user_profile_(V2)')?['body/userPrincipalName']"
                },
                "authentication": {
                  "type": "Raw",
                  "value": "@json(decodeBase64(triggerOutputs().headers['X-MS-APIM-Tokens']))['$ConnectionKey']"
                }
              }
            }
          },
          "runAfter": {
            "Initialize_variable_4": [
              "Succeeded"
            ]
          },
          "metadata": {
            "operationMetadataId": "48d55d77-72dd-42a6-8297-924cc7bc7f3a"
          },
          "type": "Foreach"
        },
        "Initialize_variable": {
          "runAfter": {
            "List_rows": [
              "Succeeded"
            ]
          },
          "metadata": {
            "operationMetadataId": "433959f1-6b02-4eeb-8585-4ccd253eb6ba"
          },
          "type": "InitializeVariable",
          "inputs": {
            "variables": [
              {
                "name": "test1",
                "type": "string",
                "value": "test1text"
              }
            ]
          }
        },
        "Initialize_variable_2": {
          "runAfter": {
            "Initialize_variable": [
              "Succeeded"
            ]
          },
          "metadata": {
            "operationMetadataId": "07b0d2b8-3e08-4008-b30f-e262c24b10da"
          },
          "type": "InitializeVariable",
          "inputs": {
            "variables": [
              {
                "name": "test2",
                "type": "string",
                "value": "test2text"
              }
            ]
          }
        },
        "Initialize_variable_3": {
          "runAfter": {
            "Initialize_variable_2": [
              "Succeeded"
            ]
          },
          "metadata": {
            "operationMetadataId": "42ff8daf-dcf6-475e-b8c5-3205d55fe9c6"
          },
          "type": "InitializeVariable",
          "inputs": {
            "variables": [
              {
                "name": "var3",
                "type": "string"
              }
            ]
          }
        },
        "Initialize_variable_4": {
          "runAfter": {
            "Initialize_variable_3": [
              "Succeeded"
            ]
          },
          "metadata": {
            "operationMetadataId": "6b87734a-bf6a-41b0-8985-527c0fcaf3cd"
          },
          "type": "InitializeVariable",
          "inputs": {
            "variables": [
              {
                "name": "var4",
                "type": "string"
              }
            ]
          }
        }
      }
    },
    "templateName": ""
  },
  "schemaVersion": "1.0.0.0"
}