{
  "properties": {
    "connectionReferences": {
      "shared_office365users": {
        "runtimeSource": "embedded",
        "connection": {
          "connectionReferenceLogicalName": "hps_sharedoffice365users_64a9f"
        },
        "api": {
          "name": "shared_office365users"
        }
      },
      "shared_commondataserviceforapps": {
        "runtimeSource": "embedded",
        "connection": {
          "connectionReferenceLogicalName": "hps_sharedcommondataserviceforapps_f66af"
        },
        "api": {
          "name": "shared_commondataserviceforapps"
        }
      }
    },
    "definition": {
      "$schema": "https://schema.management.azure.com/providers/Microsoft.Logic/schemas/2016-06-01/workflowdefinition.json#",
      "contentVersion": "1.0.0.0",
      "parameters": {
        "$connections": {
          "defaultValue": {},
          "type": "Object"
        },
        "$authentication": {
          "defaultValue": {},
          "type": "SecureObject"
        }
      },
      "triggers": {
        "When_a_row_is_added,_modified_or_deleted": {
          "metadata": {
            "operationMetadataId": "0ec2c1b2-b9d4-49df-b71a-3657ebc49289"
          },
          "type": "OpenApiConnectionWebhook",
          "inputs": {
            "host": {
              "connectionName": "shared_commondataserviceforapps",
              "operationId": "SubscribeWebhookTrigger",
              "apiId": "/providers/Microsoft.PowerApps/apis/shared_commondataserviceforapps"
            },
            "parameters": {
              "subscriptionRequest/message": 4,
              "subscriptionRequest/entityname": "systemuser",
              "subscriptionRequest/scope": 4,
              "subscriptionRequest/filteringattributes": "preferredphonecode"
            },
            "authentication": "@parameters('$authentication')"
          }
        }
      },
      "actions": {
        "Get_user_photo_(V2)": {
          "runAfter": {
            "Get_user_photo_metadata": [
              "Succeeded"
            ]
          },
          "metadata": {
            "operationMetadataId": "36996625-b5b9-4fc8-95f5-4208cc3add91"
          },
          "type": "OpenApiConnection",
          "inputs": {
            "host": {
              "connectionName": "shared_office365users",
              "operationId": "UserPhoto_V2",
              "apiId": "/providers/Microsoft.PowerApps/apis/shared_office365users"
            },
            "parameters": {
              "id": "@outputs('Get_user_profile_(V2)')?['body/userPrincipalName']"
            },
            "authentication": "@parameters('$authentication')"
          }
        },
        "Upload_a_file_or_an_image": {
          "runAfter": {
            "Compose": [
              "Succeeded",
              "Failed"
            ]
          },
          "metadata": {
            "operationMetadataId": "7d7ba53e-9c0a-4921-85d2-06474b6f4557"
          },
          "type": "OpenApiConnection",
          "inputs": {
            "host": {
              "connectionName": "shared_commondataserviceforapps",
              "operationId": "UpdateEntityFileImageFieldContent",
              "apiId": "/providers/Microsoft.PowerApps/apis/shared_commondataserviceforapps"
            },
            "parameters": {
              "entityName": "systemusers",
              "recordId": "@triggerOutputs()?['body/systemuserid']",
              "fileImageFieldName": "entityimage",
              "item": "@outputs('Compose')",
              "x-ms-file-name": "Untitled"
            },
            "authentication": "@parameters('$authentication')"
          }
        },
        "Compose": {
          "runAfter": {
            "Get_user_photo_(V2)": [
              "Succeeded"
            ]
          },
          "metadata": {
            "operationMetadataId": "23405d0e-06f8-45a3-a694-2154e18e7443"
          },
          "type": "Compose",
          "inputs": "@base64(body('Get_user_photo_(V2)'))"
        },
        "Get_user_photo_metadata": {
          "runAfter": {
            "Get_user_profile_(V2)": [
              "Succeeded"
            ]
          },
          "metadata": {
            "operationMetadataId": "6386e81a-d5cc-4c63-bf04-e1f95726b144"
          },
          "type": "OpenApiConnection",
          "inputs": {
            "host": {
              "connectionName": "shared_office365users",
              "operationId": "UserPhotoMetadata",
              "apiId": "/providers/Microsoft.PowerApps/apis/shared_office365users"
            },
            "parameters": {
              "userId": "@outputs('Get_user_profile_(V2)')?['body/userPrincipalName']"
            },
            "authentication": "@parameters('$authentication')"
          }
        },
        "Get_user_profile_(V2)": {
          "runAfter": {},
          "metadata": {
            "operationMetadataId": "1cf54c54-1fe8-4438-8a29-41c74f784995"
          },
          "type": "OpenApiConnection",
          "inputs": {
            "host": {
              "connectionName": "shared_office365users",
              "operationId": "UserProfile_V2",
              "apiId": "/providers/Microsoft.PowerApps/apis/shared_office365users"
            },
            "parameters": {
              "id": "@triggerOutputs()?['body/domainname']"
            },
            "authentication": "@parameters('$authentication')"
          }
        }
      }
    },
    "templateName": ""
  },
  "schemaVersion": "1.0.0.0"
}