<ImportExportXml version="9.2.23044.236" SolutionPackageVersion="9.2" languagecode="1033" generatedBy="CrmLive" xmlns:xsi="http://www.w3.org/2001/XMLSchema-instance">
  <SolutionManifest>
    <UniqueName>ResourceSchedulingandManagement</UniqueName>
    <LocalizedNames>
      <LocalizedName description="Resource Scheduling and Management " languagecode="1033" />
    </LocalizedNames>
    <Descriptions>
      <Description description="This solution is for managing resources, enabling their scheduling, and reporting on their utilization." languagecode="1033" />
    </Descriptions>
    <Version>1.0.0.20</Version>
    <Managed>0</Managed>
    <Publisher>
      <UniqueName>health_and_public_sector</UniqueName>
      <LocalizedNames>
        <LocalizedName description="Health and Public Sector" languagecode="1033" />
      </LocalizedNames>
      <Descriptions />
      <EMailAddress xsi:nil="true"></EMailAddress>
      <SupportingWebsiteUrl xsi:nil="true"></SupportingWebsiteUrl>
      <CustomizationPrefix>hps</CustomizationPrefix>
      <CustomizationOptionValuePrefix>98052</CustomizationOptionValuePrefix>
      <Addresses>
        <Address>
          <AddressNumber>1</AddressNumber>
          <AddressTypeCode>1</AddressTypeCode>
          <City xsi:nil="true"></City>
          <County xsi:nil="true"></County>
          <Country xsi:nil="true"></Country>
          <Fax xsi:nil="true"></Fax>
          <FreightTermsCode xsi:nil="true"></FreightTermsCode>
          <ImportSequenceNumber xsi:nil="true"></ImportSequenceNumber>
          <Latitude xsi:nil="true"></Latitude>
          <Line1 xsi:nil="true"></Line1>
          <Line2 xsi:nil="true"></Line2>
          <Line3 xsi:nil="true"></Line3>
          <Longitude xsi:nil="true"></Longitude>
          <Name xsi:nil="true"></Name>
          <PostalCode xsi:nil="true"></PostalCode>
          <PostOfficeBox xsi:nil="true"></PostOfficeBox>
          <PrimaryContactName xsi:nil="true"></PrimaryContactName>
          <ShippingMethodCode>1</ShippingMethodCode>
          <StateOrProvince xsi:nil="true"></StateOrProvince>
          <Telephone1 xsi:nil="true"></Telephone1>
          <Telephone2 xsi:nil="true"></Telephone2>
          <Telephone3 xsi:nil="true"></Telephone3>
          <TimeZoneRuleVersionNumber xsi:nil="true"></TimeZoneRuleVersionNumber>
          <UPSZone xsi:nil="true"></UPSZone>
          <UTCOffset xsi:nil="true"></UTCOffset>
          <UTCConversionTimeZoneCode xsi:nil="true"></UTCConversionTimeZoneCode>
        </Address>
        <Address>
          <AddressNumber>2</AddressNumber>
          <AddressTypeCode>1</AddressTypeCode>
          <City xsi:nil="true"></City>
          <County xsi:nil="true"></County>
          <Country xsi:nil="true"></Country>
          <Fax xsi:nil="true"></Fax>
          <FreightTermsCode xsi:nil="true"></FreightTermsCode>
          <ImportSequenceNumber xsi:nil="true"></ImportSequenceNumber>
          <Latitude xsi:nil="true"></Latitude>
          <Line1 xsi:nil="true"></Line1>
          <Line2 xsi:nil="true"></Line2>
          <Line3 xsi:nil="true"></Line3>
          <Longitude xsi:nil="true"></Longitude>
          <Name xsi:nil="true"></Name>
          <PostalCode xsi:nil="true"></PostalCode>
          <PostOfficeBox xsi:nil="true"></PostOfficeBox>
          <PrimaryContactName xsi:nil="true"></PrimaryContactName>
          <ShippingMethodCode>1</ShippingMethodCode>
          <StateOrProvince xsi:nil="true"></StateOrProvince>
          <Telephone1 xsi:nil="true"></Telephone1>
          <Telephone2 xsi:nil="true"></Telephone2>
          <Telephone3 xsi:nil="true"></Telephone3>
          <TimeZoneRuleVersionNumber xsi:nil="true"></TimeZoneRuleVersionNumber>
          <UPSZone xsi:nil="true"></UPSZone>
          <UTCOffset xsi:nil="true"></UTCOffset>
          <UTCConversionTimeZoneCode xsi:nil="true"></UTCConversionTimeZoneCode>
        </Address>
      </Addresses>
    </Publisher>
    <RootComponents>
      <RootComponent type="1" schemaName="customeraddress" behavior="2" />
      <RootComponent type="1" schemaName="hps_building" behavior="0" />
      <RootComponent type="1" schemaName="hps_city" behavior="0" />
      <RootComponent type="1" schemaName="hps_county" behavior="0" />
      <RootComponent type="1" schemaName="hps_desk" behavior="0" />
      <RootComponent type="1" schemaName="hps_device" behavior="0" />
      <RootComponent type="1" schemaName="hps_equipment" behavior="0" />
      <RootComponent type="1" schemaName="hps_equipmenttype" behavior="0" />
      <RootComponent type="1" schemaName="hps_floor" behavior="0" />
      <RootComponent type="1" schemaName="hps_make" behavior="0" />
      <RootComponent type="1" schemaName="hps_manufacturer" behavior="0" />
      <RootComponent type="1" schemaName="hps_model" behavior="0" />
      <RootComponent type="1" schemaName="hps_product" behavior="0" />
      <RootComponent type="1" schemaName="hps_productclass" behavior="0" />
      <RootComponent type="1" schemaName="hps_producttype" behavior="0" />
      <RootComponent type="1" schemaName="hps_purchaseorder" behavior="0" />
      <RootComponent type="1" schemaName="hps_purchaseorderlineitem" behavior="0" />
      <RootComponent type="1" schemaName="hps_purchaseorderprocessing" behavior="0" />
      <RootComponent type="1" schemaName="hps_reservation" behavior="0" />
      <RootComponent type="1" schemaName="hps_reservationapprovalflow" behavior="0" />
      <RootComponent type="1" schemaName="hps_reservationitem" behavior="0" />
      <RootComponent type="1" schemaName="hps_reservationparticipant" behavior="0" />
      <RootComponent type="1" schemaName="hps_room" behavior="0" />
      <RootComponent type="1" schemaName="hps_roomtype" behavior="0" />
      <RootComponent type="1" schemaName="hps_site" behavior="0" />
      <RootComponent type="1" schemaName="hps_state" behavior="0" />
      <RootComponent type="1" schemaName="hps_vehicle" behavior="0" />
      <RootComponent type="1" schemaName="hps_vehicletype" behavior="0" />
      <RootComponent type="1" schemaName="processsession" behavior="2" />
      <RootComponent type="1" schemaName="syncerror" behavior="2" />
      <RootComponent type="1" schemaName="systemuser" behavior="1" />
      <RootComponent type="29" id="{65cce02c-34c9-ed11-b597-001dd8070456}" behavior="0" />
      <RootComponent type="29" id="{6fdee92d-bd04-ee11-8f6d-001dd80632b8}" behavior="0" />
      <RootComponent type="29" id="{9988214d-c404-ee11-8f6d-001dd8063532}" behavior="0" />
      <RootComponent type="29" id="{bf9ff447-ad04-ee11-8f6d-001dd80632b8}" behavior="0" />
      <RootComponent type="29" id="{d72f3a17-75c9-ed11-b597-001dd8070456}" behavior="0" />
      <RootComponent type="29" id="{fe1631c7-33c9-ed11-b597-001dd8070456}" behavior="0" />
      <RootComponent type="60" id="{40c8ad57-4205-ee11-8f6d-001dd8063a67}" behavior="0" />
      <RootComponent type="62" schemaName="hps_AddressTest" behavior="0" />
      <RootComponent type="62" schemaName="hps_ResourceSchedulingandManagement" behavior="0" />
      <RootComponent type="66" schemaName="hps_HPS.BingAddressAutocomplete" behavior="0" />
      <RootComponent type="80" schemaName="hps_ResourceSchedulingandManagement" behavior="0" />
      <RootComponent type="300" schemaName="hps_reservationmanagement_1afc2" behavior="0" />
      <RootComponent type="431" schemaName="hps_equipment hps_imageofequipment" behavior="0" />
      <RootComponent type="431" schemaName="hps_reservationitem hps_imageofitem" behavior="0" />
      <RootComponent type="431" schemaName="hps_reservationparticipant hps_participantimage" behavior="0" />
      <RootComponent type="431" schemaName="hps_room hps_imageofroom" behavior="0" />
      <RootComponent type="431" schemaName="hps_vehicle hps_imageofvehicle" behavior="0" />
      <RootComponent type="432" schemaName="hps_equipment" behavior="0" />
      <RootComponent type="432" schemaName="hps_reservationitem" behavior="0" />
      <RootComponent type="432" schemaName="hps_reservationparticipant" behavior="0" />
      <RootComponent type="432" schemaName="hps_room" behavior="0" />
      <RootComponent type="432" schemaName="hps_vehicle" behavior="0" />
    </RootComponents>
    <MissingDependencies>
      <MissingDependency>
        <Required type="1" schemaName="msdyn_aimodel" displayName="AI Model" solution="msdyn_AISolution (202304.4.39.3)">
          <package>msdyn_AISolutionAnchor (202304.4.39.3)</package>
        </Required>
        <Dependent type="300" schemaName="hps_reservationmanagement_1afc2" displayName="Reservation Management" />
      </MissingDependency>
      <MissingDependency>
        <Required type="61" schemaName="msdyn_/Images/AppModule_Default_Icon.png" displayName="msdyn_/Images/AppModule_Default_Icon.png" solution="AppModuleWebResources (2.5)" />
        <Dependent type="80" schemaName="hps_ResourceSchedulingandManagement" displayName="Resource Scheduling and Management" />
      </MissingDependency>
      <MissingDependency>
        <Required type="66" schemaName="MscrmControls.Grid.GridControl" displayName="MscrmControls.Grid.GridControl" solution="BaseCustomControlsCore (9.0.2304.4012)" />
        <Dependent type="60" displayName="Information" parentDisplayName="Reservation" id="{2ebf41e2-3f04-4a25-903f-7b816fc5e641}" />
      </MissingDependency>
      <MissingDependency>
        <Required type="66" schemaName="MscrmControls.Grid.GridControl" displayName="MscrmControls.Grid.GridControl" solution="BaseCustomControlsCore (9.0.2304.4012)" />
        <Dependent type="60" displayName="Information" parentDisplayName="Floor" id="{371146c8-6bbc-409f-9dcb-fc12caf6e034}" />
      </MissingDependency>
      <MissingDependency>
        <Required type="66" schemaName="MscrmControls.Grid.GridControl" displayName="MscrmControls.Grid.GridControl" solution="BaseCustomControlsCore (9.0.2304.4012)" />
        <Dependent type="60" displayName="Information" parentDisplayName="City" id="{73b55498-09b4-4c78-bccf-372e632df556}" />
      </MissingDependency>
      <MissingDependency>
        <Required type="66" schemaName="MscrmControls.Grid.GridControl" displayName="MscrmControls.Grid.GridControl" solution="BaseCustomControlsCore (9.0.2304.4012)" />
        <Dependent type="60" displayName="Information" parentDisplayName="Building" id="{7607e206-0672-408c-b190-3e15584d1d41}" />
      </MissingDependency>
      <MissingDependency>
        <Required type="66" schemaName="MscrmControls.Grid.GridControl" displayName="MscrmControls.Grid.GridControl" solution="BaseCustomControlsCore (9.0.2304.4012)" />
        <Dependent type="60" displayName="Information" parentDisplayName="County" id="{8f1523df-127e-4426-873f-fd5e56c59f20}" />
      </MissingDependency>
      <MissingDependency>
        <Required type="66" schemaName="MscrmControls.Grid.GridControl" displayName="MscrmControls.Grid.GridControl" solution="BaseCustomControlsCore (9.0.2304.4012)" />
        <Dependent type="60" displayName="Information" parentDisplayName="State" id="{c7b19971-a6c4-40ba-a8b4-126231c16287}" />
      </MissingDependency>
      <MissingDependency>
        <Required type="66" schemaName="MscrmControls.Grid.GridControl" displayName="MscrmControls.Grid.GridControl" solution="BaseCustomControlsCore (9.0.2304.4012)" />
        <Dependent type="60" displayName="Information" parentDisplayName="Site (Locations)" id="{f749a540-f99c-4328-9696-41ef948c3580}" />
      </MissingDependency>
      <MissingDependency>
        <Required type="66" schemaName="MscrmControls.Grid.GridControl" displayName="MscrmControls.Grid.GridControl" solution="BaseCustomControlsCore (9.0.2304.4012)" />
        <Dependent type="60" displayName="Information" parentDisplayName="Room" id="{fde74e67-e006-4774-80bc-f3f90769f8ed}" />
      </MissingDependency>
      <MissingDependency>
        <Required type="66" schemaName="raw_RAW.Calendar.Calendar" displayName="raw_RAW.Calendar.Calendar" solution="CanvasCalendar (1.0.0.4)" />
        <Dependent type="300" schemaName="hps_reservationmanagement_1afc2" displayName="Reservation Management" />
      </MissingDependency>
    </MissingDependencies>
  </SolutionManifest>
</ImportExportXml>